,Age,Attrition,DistanceFromHome,MonthlyIncome,NumCompaniesWorked,OverTime,PercentSalaryHike,TotalWorkingYears,YearsAtCompany,YearsInCurrentRole,YearsWithCurrManager
0,41,1,1,5993,8,1,11,8,6,4,5
1,49,0,8,5130,1,0,23,10,10,7,7
2,37,1,2,2090,6,1,15,7,0,0,0
3,33,0,3,2909,1,1,11,8,8,7,0
4,27,0,2,3468,9,0,12,6,2,2,2
5,32,0,2,3068,0,0,13,8,7,7,6
6,59,0,3,2670,4,1,20,12,1,0,0
7,30,0,24,2693,1,0,22,1,1,0,0
8,38,0,23,9526,0,0,21,10,9,7,8
9,36,0,27,5237,6,0,13,17,7,7,7
10,35,0,16,2426,0,0,13,6,5,4,3
11,29,0,15,4193,0,1,12,10,9,5,8
12,31,0,26,2911,1,0,17,5,5,2,3
13,34,0,19,2661,0,0,11,3,2,2,2
14,28,1,24,2028,5,1,14,6,4,2,3
15,29,0,21,9980,1,0,11,10,10,9,8
16,32,0,5,3298,0,1,12,7,6,2,5
17,22,0,16,2935,1,1,13,1,1,0,0
18,53,0,2,15427,2,0,16,31,25,8,7
19,38,0,2,3944,5,1,11,6,3,2,2
20,24,0,11,4011,0,0,18,5,4,2,3
21,36,1,9,3407,7,0,23,10,5,3,3
22,34,0,7,11994,0,0,11,13,12,6,11
23,21,0,15,1232,1,0,14,0,0,0,0
24,34,1,6,2960,2,0,11,8,4,2,3
25,53,0,5,19094,4,0,11,26,14,13,8
26,32,1,16,3919,1,1,22,10,10,2,7
27,42,0,8,6825,0,0,11,10,9,7,2
28,44,0,7,10248,3,0,14,24,22,6,17
29,46,0,2,18947,3,0,12,22,2,2,1
30,33,0,2,2496,4,0,11,7,1,1,0
31,44,0,10,6465,2,1,13,9,4,2,3
32,30,0,9,2206,1,0,13,10,10,0,8
33,39,1,5,2086,3,0,14,19,1,0,0
34,24,1,1,2293,2,1,16,6,2,0,0
35,43,0,2,2645,1,0,12,6,5,3,4
36,50,1,3,2683,1,1,14,3,3,2,2
37,35,0,2,2014,1,0,13,2,2,2,2
38,36,0,5,3419,9,1,14,6,1,1,0
39,33,0,1,5376,2,0,19,10,5,3,3
40,35,0,4,1951,1,0,12,1,1,0,0
41,27,0,2,2341,1,0,13,1,1,0,0
42,26,1,25,2293,1,0,12,1,1,0,1
43,27,0,8,8726,1,0,15,9,9,8,7
44,30,0,1,4011,1,0,23,12,12,8,7
45,41,1,12,19545,1,0,12,23,22,15,8
46,34,0,23,4568,0,0,20,10,9,5,7
47,37,0,19,3022,4,0,21,8,1,0,0
48,46,0,5,5772,4,1,21,14,9,6,8
49,35,0,8,2269,1,0,19,1,1,0,1
50,48,1,1,5381,9,1,13,23,1,0,0
51,28,1,5,3441,1,1,13,2,2,2,2
52,44,0,1,5454,5,1,21,9,4,3,3
53,35,0,11,9884,2,1,13,10,4,0,3
54,26,0,23,4157,7,1,19,5,2,2,0
55,33,0,1,13458,1,1,12,15,15,14,12
56,35,0,18,9069,1,0,22,9,9,8,8
57,35,0,23,4014,3,1,15,4,2,2,2
58,31,0,7,5915,3,0,22,10,7,7,7
59,37,0,1,5993,1,0,18,7,7,5,7
60,32,0,1,6162,1,1,22,9,9,8,8
61,38,0,29,2406,1,0,11,10,10,3,9
62,50,0,7,18740,5,1,12,29,27,3,8
63,59,0,25,7637,7,0,11,28,21,16,9
64,36,0,8,10096,1,0,13,17,17,14,8
65,55,0,8,14756,2,1,14,21,5,0,2
66,36,0,11,6499,1,0,13,6,6,5,3
67,45,0,7,9724,2,0,17,25,1,0,0
68,35,0,1,2194,4,0,13,5,3,2,2
69,36,1,9,3388,0,1,17,2,1,0,0
70,59,0,1,5473,7,0,11,20,4,3,3
71,29,0,2,2703,0,0,23,6,5,4,4
72,31,0,1,2501,1,0,17,1,1,1,0
73,32,0,1,6220,1,0,17,10,10,4,9
74,36,0,6,3038,3,0,12,5,1,0,0
75,31,0,8,4424,1,0,23,11,11,7,8
76,35,0,1,4312,0,0,14,16,15,13,8
77,45,0,6,13245,4,1,14,17,0,0,0
78,37,0,7,13664,4,0,13,16,5,2,2
79,46,0,5,5021,8,1,22,16,4,2,2
80,30,0,1,5126,1,1,12,10,10,8,0
81,35,0,1,2859,1,0,18,6,6,4,4
82,55,0,1,10239,3,0,14,24,1,0,0
83,38,0,6,5329,7,1,12,17,13,11,9
84,34,0,1,4325,1,0,15,5,5,2,3
85,56,0,7,7260,4,0,11,37,6,4,2
86,23,0,2,2322,3,0,13,3,0,0,0
87,51,0,9,2075,3,0,23,10,4,2,3
88,30,0,2,4152,1,0,19,11,11,10,8
89,46,1,9,9619,1,0,16,9,9,8,7
90,40,0,1,13503,1,0,22,22,22,3,11
91,51,0,21,5441,0,1,22,11,10,7,0
92,30,0,4,5209,1,1,12,11,11,8,7
93,46,0,1,10673,2,1,13,21,10,9,5
94,32,0,6,5010,1,0,16,12,11,8,7
95,54,0,2,13549,9,0,12,16,4,3,3
96,24,0,3,4999,0,0,21,4,3,2,2
97,28,0,4,4221,1,0,15,5,5,4,4
98,58,0,10,13872,0,0,13,38,37,10,8
99,44,0,23,2042,4,0,12,17,3,2,2
100,37,1,6,2073,4,1,22,7,3,2,2
101,32,0,1,2956,1,0,13,1,1,0,0
102,20,1,6,2926,1,1,18,1,1,0,0
103,34,0,6,4809,1,0,14,16,16,13,10
104,37,0,2,5163,5,0,14,17,1,0,0
105,59,0,2,18844,9,0,21,30,3,2,2
106,50,0,1,18172,3,1,19,28,8,3,7
107,25,1,5,5744,1,1,11,6,6,4,3
108,25,0,7,2889,1,0,11,2,2,2,1
109,22,0,15,2871,1,0,15,1,0,0,0
110,51,0,1,7484,3,0,20,23,13,12,8
111,34,1,7,6074,1,1,24,9,9,7,6
112,54,0,26,17328,2,1,12,23,5,3,4
113,24,0,18,2774,0,0,12,6,5,3,2
114,34,0,6,4505,6,0,15,12,1,0,0
115,37,0,3,7428,2,0,12,12,5,3,3
116,34,0,5,11631,2,0,12,14,11,10,8
117,36,0,11,9738,0,0,14,10,9,7,8
118,36,0,3,2835,5,0,22,7,1,0,0
119,43,0,26,16959,1,1,12,25,25,12,12
120,30,0,23,2613,1,0,25,10,10,7,9
121,33,0,22,6146,0,0,13,8,7,7,7
122,56,1,14,4963,9,1,18,7,5,4,3
123,51,0,6,19537,7,0,13,23,20,18,15
124,31,1,6,6172,4,1,18,12,7,7,7
125,26,0,6,2368,1,0,19,5,5,4,3
126,58,1,23,10312,1,0,12,40,40,10,6
127,19,1,22,1675,1,1,19,0,0,0,0
128,22,0,2,2523,0,0,14,3,2,1,1
129,49,0,20,6567,1,0,14,16,15,11,11
130,43,0,28,4739,4,0,12,18,3,2,2
131,50,0,12,9208,4,0,11,16,2,2,1
132,31,1,20,4559,3,1,11,4,2,2,2
133,41,0,9,8189,3,1,13,12,9,7,7
134,26,0,25,2942,1,0,23,8,8,7,7
135,36,0,6,4941,6,0,20,7,3,2,1
136,51,1,8,10650,2,0,15,18,4,2,3
137,39,0,4,5902,4,0,14,17,15,11,9
138,25,0,28,8639,2,0,18,6,2,2,2
139,30,0,9,6347,0,1,19,12,11,9,7
140,32,1,9,4200,7,0,22,10,5,4,4
141,45,0,29,3452,5,0,13,9,6,5,3
142,38,0,3,4317,3,1,20,19,3,2,2
143,30,0,18,2632,1,0,14,5,5,4,4
144,32,0,9,4668,0,0,17,9,8,7,7
145,30,0,5,3204,5,0,14,8,3,2,2
146,30,0,2,2720,0,0,13,6,5,3,2
147,41,0,10,17181,4,0,13,21,7,6,7
148,41,0,9,2238,2,0,21,7,5,0,4
149,19,0,3,1483,1,0,14,1,1,0,0
150,40,0,26,5605,1,0,11,20,20,7,13
151,35,0,1,7295,1,0,13,10,10,8,6
152,53,0,6,2306,2,1,20,13,7,7,5
153,45,0,9,2348,8,0,18,20,17,9,15
154,32,0,8,8998,1,0,14,9,9,8,7
155,29,0,1,4319,1,0,13,10,10,7,9
156,51,0,7,6132,2,0,17,10,1,0,0
157,58,0,9,3346,4,1,20,9,1,0,0
158,40,0,4,10855,7,0,11,15,12,11,11
159,34,0,2,2231,6,0,18,6,4,3,2
160,22,0,19,2323,1,0,24,2,2,2,2
161,27,0,9,2024,6,0,18,6,2,2,2
162,28,0,21,2713,1,0,11,5,5,2,2
163,57,0,24,9439,3,1,16,12,5,3,4
164,27,0,3,2566,1,1,15,1,1,1,1
165,50,0,11,19926,3,0,15,21,5,4,4
166,41,0,14,2451,4,0,12,13,9,8,8
167,30,0,5,9419,2,0,12,12,10,9,4
168,38,0,1,8686,4,0,22,12,8,3,7
169,32,0,6,3038,3,0,20,8,5,4,4
170,27,0,17,3058,0,1,16,6,5,2,1
171,19,1,1,2325,0,0,21,1,0,0,0
172,36,0,3,2088,4,0,12,13,8,7,2
173,30,0,9,3072,1,0,11,12,12,9,10
174,45,0,4,5006,4,1,11,9,5,4,3
175,56,0,8,4257,4,1,18,19,2,2,2
176,33,0,2,2500,0,0,14,4,3,1,2
177,19,1,2,1102,1,0,22,1,1,0,0
178,46,0,1,10453,1,0,25,24,24,13,7
179,38,0,9,2288,1,0,12,2,2,2,1
180,31,0,12,3929,8,1,23,7,4,2,2
181,34,0,27,2311,2,0,15,9,3,2,2
182,41,1,20,3140,1,1,22,4,4,3,2
183,50,0,1,3690,2,0,15,5,3,2,2
184,53,0,13,4450,1,0,11,5,4,2,3
185,33,0,14,2756,1,0,13,8,8,7,6
186,40,0,4,19033,1,0,14,21,20,8,9
187,55,0,14,18722,8,0,11,36,24,15,15
188,34,0,2,9547,1,0,17,10,10,9,9
189,51,0,3,13734,3,0,18,21,7,7,0
190,52,0,1,19999,0,0,14,34,33,18,9
191,27,0,9,2279,1,0,16,7,7,7,3
192,35,1,23,5916,3,1,13,8,1,0,1
193,43,0,7,2089,4,0,14,7,5,4,2
194,45,0,2,16792,9,0,23,22,20,8,8
195,37,0,21,3564,1,1,12,8,8,7,7
196,35,0,2,4425,5,0,11,10,6,2,2
197,42,0,21,5265,2,0,16,11,5,3,2
198,38,0,2,6553,9,0,14,14,1,0,0
199,38,0,29,6261,3,0,18,9,7,7,7
200,27,0,1,4298,5,0,19,6,2,2,0
201,49,0,18,6804,1,1,15,7,7,7,7
202,34,0,10,3815,1,1,17,5,5,3,0
203,40,0,19,2741,8,1,15,15,7,2,7
204,38,1,29,6673,7,1,19,17,1,0,0
205,29,1,27,7639,1,0,22,10,10,4,9
206,22,0,5,2328,1,1,16,4,4,2,2
207,36,0,18,2153,1,0,13,8,8,1,7
208,40,0,9,4876,9,0,14,5,3,2,2
209,46,0,1,9396,7,0,16,17,4,2,3
210,32,1,4,10400,1,0,11,14,14,8,8
211,30,0,1,8474,1,0,22,12,11,8,8
212,27,0,20,9981,1,0,14,7,7,7,7
213,51,0,8,12490,5,0,16,16,10,9,7
214,30,1,3,2657,5,1,11,8,5,2,4
215,41,0,6,13591,3,1,18,16,1,0,0
216,30,1,26,6696,5,0,15,9,6,3,1
217,29,1,1,2058,0,0,14,7,6,2,5
218,45,0,6,8865,6,0,12,23,19,7,8
219,54,0,3,5940,2,0,14,16,6,2,5
220,36,0,5,5914,8,0,16,16,13,11,7
221,33,0,4,2622,6,0,21,7,3,2,1
222,37,0,11,12185,1,1,14,10,10,8,7
223,38,0,3,10609,0,0,12,17,16,10,13
224,31,0,1,4345,0,0,12,6,5,4,4
225,59,0,3,2177,3,0,17,7,1,0,0
226,37,0,4,2793,4,0,17,13,9,8,8
227,29,0,1,7918,1,0,14,11,11,10,1
228,35,0,1,8789,1,0,14,10,10,7,8
229,29,1,18,2389,1,1,13,4,4,3,1
230,52,0,2,3212,7,0,15,6,2,2,2
231,42,0,4,19232,1,0,11,22,22,17,15
232,59,0,6,2267,8,0,17,7,2,2,2
233,50,0,1,19517,3,0,11,32,7,0,6
234,33,1,14,2436,5,1,13,8,5,4,4
235,43,0,16,16064,5,1,22,22,17,13,9
236,33,1,2,2707,7,0,20,13,9,7,7
237,52,0,2,19068,1,1,18,33,33,7,12
238,32,0,4,3931,2,0,11,6,4,3,2
239,32,1,1,3730,0,1,14,4,3,2,2
240,39,0,1,2232,7,0,14,7,3,2,2
241,32,0,26,4465,0,0,18,4,3,2,2
242,41,0,19,3072,2,0,16,17,1,0,0
243,40,0,24,3319,1,0,17,9,9,8,7
244,45,0,1,19202,0,0,11,25,24,0,7
245,31,0,3,13675,9,0,12,9,2,2,2
246,33,0,5,2911,1,0,13,2,2,2,2
247,34,0,2,5957,6,0,13,13,11,9,9
248,37,0,1,3920,2,0,14,17,3,1,2
249,45,0,7,6434,4,0,17,9,3,2,2
250,37,1,10,10048,6,0,11,17,1,0,0
251,39,0,2,10938,0,0,25,20,19,6,8
252,29,0,15,2340,1,0,19,6,6,5,5
253,42,0,17,6545,3,1,13,10,3,2,2
254,29,0,20,6931,2,0,14,10,3,2,2
255,25,0,1,4898,0,0,12,5,4,2,2
256,42,0,2,2593,0,1,11,10,9,6,8
257,40,0,2,19436,0,0,19,22,21,7,9
258,51,0,1,2723,1,0,11,1,1,0,0
259,31,1,29,3479,0,0,11,6,5,4,4
260,32,0,7,2794,1,0,20,5,5,1,3
261,38,0,2,5249,3,0,18,13,8,7,5
262,32,0,2,2176,4,0,13,9,6,2,4
263,46,0,2,16872,3,1,12,28,7,7,7
264,28,1,2,3485,2,0,11,5,0,0,0
265,29,0,2,6644,2,0,19,10,0,0,0
266,31,0,23,5582,0,0,21,10,9,0,8
267,25,0,5,4000,1,0,12,6,6,3,5
268,45,0,20,13496,0,1,14,21,20,7,10
269,36,0,6,3210,0,0,11,16,15,13,11
270,55,0,1,19045,0,1,14,37,36,10,13
271,47,1,29,11849,1,1,12,10,10,7,9
272,28,0,9,2070,1,0,23,5,5,2,4
273,37,0,6,6502,4,0,14,7,5,4,1
274,21,0,3,3230,1,0,17,3,3,2,0
275,37,0,1,13603,2,1,18,15,5,2,2
276,35,0,22,11996,7,0,18,10,7,7,2
277,38,0,7,5605,1,1,24,8,8,0,7
278,26,0,1,6397,1,0,20,6,6,5,4
279,50,0,4,19144,3,0,14,28,10,4,6
280,53,0,3,17584,3,1,16,21,5,3,3
281,42,0,1,4907,1,0,25,20,20,16,6
282,29,0,2,4554,1,0,18,10,10,7,9
283,55,0,20,5415,3,1,19,12,10,7,8
284,26,0,11,4741,1,1,13,5,5,3,3
285,37,0,1,2115,1,0,12,17,17,12,7
286,44,1,24,3161,3,1,22,19,1,0,0
287,38,0,23,5745,9,0,14,10,2,2,2
288,26,1,16,2373,2,1,13,5,3,2,2
289,28,0,8,3310,1,0,21,5,5,3,2
290,49,0,10,18665,9,1,11,22,3,2,2
291,36,0,3,4485,4,0,12,10,8,0,7
292,31,0,5,2789,1,0,11,2,2,2,2
293,26,1,4,5828,1,1,12,8,8,7,4
294,37,0,9,2326,1,1,12,4,4,2,2
295,42,0,26,13525,5,0,14,23,20,4,8
296,18,1,3,1420,1,0,13,0,0,0,0
297,35,0,16,8020,0,0,15,12,11,9,9
298,36,0,18,3688,4,0,18,4,1,0,0
299,51,0,2,5482,5,0,18,13,4,1,2
300,41,0,2,16015,1,0,19,22,22,10,4
301,18,0,10,1200,1,0,12,0,0,0,0
302,28,0,16,5661,0,0,19,9,8,3,7
303,31,0,7,6929,4,0,11,10,8,7,7
304,39,0,1,9613,0,0,17,19,18,10,7
305,36,0,24,5674,7,0,15,11,9,8,8
306,32,0,7,5484,1,0,14,13,13,8,8
307,38,0,25,12061,3,0,17,19,10,8,1
308,58,0,1,5660,2,1,13,12,5,3,2
309,31,0,5,4821,0,1,12,6,5,2,3
310,31,0,2,6410,3,0,12,9,2,2,0
311,45,0,7,5210,1,0,18,24,24,9,11
312,31,0,2,2695,0,1,18,3,2,2,2
313,33,0,5,11878,6,0,11,12,10,6,8
314,39,0,10,17068,1,1,14,21,21,9,10
315,43,0,10,2455,0,0,19,9,8,7,7
316,49,0,1,13964,7,1,12,25,7,1,7
317,52,1,8,4941,2,0,15,11,8,2,7
318,27,0,5,2478,1,1,12,4,4,3,2
319,32,0,8,5228,1,1,11,13,13,12,9
320,27,0,2,4478,1,1,11,5,5,4,4
321,31,0,7,7547,4,0,12,13,7,7,7
322,32,0,2,5055,7,0,16,10,7,7,7
323,28,1,2,3464,5,1,13,5,3,2,2
324,30,0,28,5775,1,0,13,11,10,8,9
325,31,0,7,8943,1,0,24,10,10,9,9
326,39,0,7,19272,1,0,15,21,21,9,3
327,39,1,3,5238,4,1,18,12,1,0,0
328,33,0,10,4682,3,0,14,9,7,7,1
329,47,0,5,18300,4,0,11,21,3,2,1
330,43,0,10,5257,1,0,11,9,9,7,0
331,27,0,1,6349,0,1,13,6,5,4,4
332,54,0,20,4869,3,0,12,20,4,3,3
333,43,0,7,9985,8,0,16,10,1,0,0
334,45,0,8,3697,9,0,14,12,10,9,8
335,40,0,1,7457,2,1,22,6,4,3,2
336,29,1,8,2119,1,1,11,7,7,7,7
337,29,0,9,3983,0,0,17,4,3,2,2
338,30,0,5,6118,1,0,13,10,10,9,2
339,27,0,8,6214,1,0,18,8,8,7,7
340,37,0,5,6347,7,0,16,8,6,2,4
341,38,0,15,11510,0,1,14,12,11,10,9
342,31,0,7,7143,1,1,14,11,11,9,10
343,29,0,10,8268,1,1,14,7,7,7,7
344,35,0,5,8095,0,0,13,17,16,6,13
345,23,0,26,2904,1,0,12,4,4,2,2
346,41,0,6,6032,6,1,15,8,5,4,2
347,47,0,4,2976,3,0,19,5,0,0,0
348,42,0,23,15992,2,0,14,16,1,0,0
349,29,0,2,4649,1,0,14,4,4,3,2
350,42,0,2,2696,0,1,11,4,3,2,0
351,32,0,2,2370,1,0,13,8,8,0,7
352,48,0,29,12504,3,0,21,15,0,0,0
353,37,0,6,5974,4,1,13,13,7,7,7
354,30,0,25,4736,7,1,12,4,2,2,2
355,26,0,1,5296,1,0,17,8,8,7,7
356,42,0,2,6781,3,0,23,14,1,0,0
357,21,1,1,2174,1,1,11,3,3,2,2
358,36,0,1,6653,4,0,15,7,1,0,0
359,36,0,3,9699,4,0,11,16,13,9,12
360,57,0,1,6755,2,0,11,15,3,2,2
361,40,0,10,2213,3,1,13,10,7,7,7
362,21,0,9,2610,1,0,24,3,3,2,2
363,33,1,5,2851,1,1,13,1,1,0,0
364,37,0,10,3452,6,0,20,17,5,4,3
365,46,0,7,5258,2,0,14,7,1,0,0
366,41,1,4,9355,1,0,18,8,8,7,7
367,50,0,10,10496,6,0,15,20,4,3,3
368,40,1,22,6380,2,1,12,8,6,4,0
369,31,0,9,2657,0,1,16,3,2,2,2
370,21,1,12,2716,1,0,15,1,1,0,0
371,29,0,23,2201,9,0,16,6,3,2,2
372,35,0,9,6540,9,0,19,10,1,1,0
373,27,0,1,3816,1,0,11,5,5,2,4
374,28,0,9,5253,1,0,16,7,7,5,7
375,49,0,7,10965,8,0,24,26,5,2,0
376,51,0,14,4936,4,0,11,18,7,7,7
377,36,0,2,2543,4,0,13,6,2,2,2
378,34,1,19,5304,8,1,13,9,5,2,4
379,55,0,2,16659,2,1,13,30,5,4,2
380,24,0,10,4260,1,1,12,5,5,2,3
381,30,0,2,2476,1,0,18,1,1,0,0
382,26,1,3,3102,0,0,22,7,6,4,4
383,22,0,11,2244,1,0,13,2,2,1,2
384,36,0,2,7596,1,0,13,10,10,9,0
385,30,1,4,2285,9,1,23,3,1,0,0
386,37,0,14,3034,1,0,12,18,18,7,17
387,40,0,2,5715,7,0,12,8,5,4,3
388,42,0,1,2576,3,0,16,8,5,2,2
389,37,0,10,4197,2,1,12,18,1,0,1
390,43,0,12,14336,1,0,11,25,25,10,9
391,40,0,2,3448,6,0,22,20,1,0,0
392,54,0,5,19406,4,0,11,24,4,2,2
393,34,0,4,6538,9,0,15,6,3,2,2
394,31,0,7,4306,1,0,12,13,13,10,12
395,43,0,21,2258,7,0,20,8,3,2,2
396,43,0,8,4522,4,1,14,8,5,2,2
397,25,0,4,4487,1,1,11,5,5,4,3
398,37,0,25,4449,3,1,15,15,13,11,7
399,31,0,1,2218,1,0,12,4,4,2,2
400,39,0,1,19197,1,1,14,21,21,8,6
401,56,0,6,13212,9,0,11,36,7,7,7
402,30,0,12,6577,0,0,11,6,5,4,4
403,41,0,1,8392,1,0,16,10,10,7,7
404,28,0,17,4558,1,0,12,10,10,0,8
405,25,1,3,4031,5,0,13,6,2,2,2
406,52,0,3,7969,2,1,14,28,5,4,4
407,45,0,10,2654,3,0,21,8,2,2,2
408,52,0,4,16555,2,0,13,31,5,2,4
409,42,0,29,4556,2,0,11,19,5,4,2
410,30,0,2,6091,2,0,20,11,5,4,2
411,60,0,7,19566,5,0,11,33,29,8,10
412,46,0,18,4810,2,0,14,19,10,7,8
413,42,0,28,4523,0,0,11,7,6,5,4
414,24,1,1,3202,1,1,16,6,5,3,4
415,34,1,6,2351,0,0,16,3,2,2,0
416,38,0,2,1702,1,1,23,1,1,0,0
417,40,0,2,18041,0,0,14,21,20,15,12
418,26,0,23,2886,1,0,22,3,3,2,2
419,30,0,3,2097,4,0,15,9,5,3,4
420,29,0,3,11935,1,0,18,10,10,2,7
421,29,1,25,2546,5,0,16,6,2,2,1
422,19,1,2,2564,1,0,12,1,1,0,0
423,30,0,22,8412,0,0,11,10,9,8,8
424,57,0,29,14118,3,0,12,32,1,0,0
425,50,0,29,17046,0,0,15,28,27,10,7
426,30,0,2,2564,0,0,14,12,11,7,7
427,60,0,28,10266,4,0,19,22,18,13,11
428,47,0,2,5070,5,0,13,20,5,0,4
429,46,0,2,17861,6,0,13,26,3,2,1
430,35,0,22,4230,0,0,15,6,5,4,3
431,54,0,8,3780,7,0,11,19,1,0,0
432,34,0,2,2768,3,0,12,14,7,3,7
433,46,0,10,9071,2,1,19,15,3,2,2
434,31,0,9,10648,1,0,25,13,13,8,8
435,33,1,15,13610,7,1,12,15,7,6,7
436,33,1,10,3408,7,0,13,8,4,3,3
437,30,0,7,2983,0,0,14,4,3,2,2
438,35,0,16,7632,4,1,12,10,8,7,0
439,31,1,20,9824,3,0,12,12,1,0,0
440,34,1,23,9950,9,1,15,11,3,2,2
441,42,0,5,2093,4,0,17,8,2,2,0
442,36,0,10,9980,1,0,14,10,10,3,7
443,22,1,4,3894,5,0,16,4,2,2,2
444,48,0,2,4051,2,0,14,14,9,7,7
445,55,0,18,16835,3,0,23,37,10,9,7
446,41,0,10,6230,7,0,14,16,14,3,10
447,35,0,1,4717,9,0,11,15,11,9,9
448,40,0,6,13237,7,0,15,22,20,6,13
449,39,0,8,3755,1,0,11,8,8,3,7
450,31,0,2,6582,4,1,13,10,6,5,5
451,42,0,24,7406,1,1,21,10,10,9,8
452,45,0,2,4805,0,0,19,9,8,7,7
453,26,1,17,2741,0,1,11,8,7,7,0
454,29,0,19,4262,4,0,12,8,3,2,2
455,33,0,1,16184,4,0,19,10,6,1,5
456,31,0,7,11557,9,0,21,10,5,4,1
457,18,1,5,1878,1,1,14,0,0,0,0
458,40,0,28,10932,3,0,15,20,1,0,1
459,41,0,2,6811,2,1,17,10,8,7,7
460,26,0,29,4306,5,0,12,8,0,0,0
461,35,0,1,4859,1,0,16,5,5,4,3
462,34,0,21,5337,1,0,12,10,10,7,7
463,26,1,24,2340,1,1,18,1,1,0,0
464,37,0,1,7491,4,0,17,12,6,5,2
465,46,0,18,10527,5,0,11,28,2,2,2
466,41,0,2,16595,7,0,16,22,18,16,8
467,37,0,9,8834,1,0,13,9,9,5,7
468,52,0,6,5577,3,1,12,18,10,9,9
469,32,1,11,4707,8,0,12,6,4,2,2
470,24,0,24,2400,0,0,13,3,2,2,1
471,38,0,10,9824,3,0,19,18,1,0,0
472,37,0,1,6447,6,0,12,8,6,5,3
473,49,0,18,19502,1,1,17,31,31,9,9
474,24,0,23,2725,1,1,11,6,6,5,4
475,26,0,28,6272,1,0,20,6,5,3,4
476,24,0,17,2127,1,0,21,1,1,0,0
477,50,0,3,18200,1,0,11,32,32,5,7
478,25,0,13,2096,1,0,11,7,7,4,6
479,24,1,7,2886,1,1,16,6,6,3,2
480,30,1,12,2033,1,0,18,1,1,0,0
481,34,0,1,3622,1,1,13,6,6,5,3
482,31,1,13,4233,2,0,17,9,3,1,2
483,35,0,25,3681,4,0,14,9,3,2,2
484,31,0,6,5460,4,0,22,13,7,7,7
485,27,0,6,2187,0,0,12,6,5,3,3
486,37,0,2,9602,4,1,11,17,3,0,0
487,20,0,1,2836,1,0,13,1,1,0,0
488,42,0,2,4089,1,0,13,10,10,2,2
489,43,0,6,16627,4,1,14,21,1,0,0
490,38,0,1,2619,3,0,17,8,0,0,0
491,43,0,9,5679,3,1,13,10,8,7,7
492,48,0,1,15402,7,0,11,21,3,2,2
493,44,0,1,5985,4,0,11,10,2,2,2
494,34,0,14,2579,1,1,18,8,8,2,6
495,27,1,2,3041,0,0,11,5,4,3,2
496,21,0,22,3447,1,0,11,3,3,2,2
497,44,0,3,19513,4,1,12,26,2,2,1
498,22,0,6,2773,0,0,20,3,2,2,2
499,33,0,8,7104,0,0,12,6,5,0,2
500,32,0,9,6322,1,1,12,6,6,4,5
501,30,0,3,2083,1,0,20,1,1,0,0
502,53,0,1,8381,7,0,20,18,14,7,10
503,34,0,1,2691,1,0,12,10,10,9,8
504,45,1,26,4286,2,0,14,5,1,1,0
505,26,0,6,2659,1,1,13,3,3,2,2
506,37,0,3,9434,1,0,15,10,10,7,8
507,29,0,3,5561,1,0,14,6,6,0,2
508,35,0,6,6646,1,0,13,17,17,11,8
509,33,0,6,7725,3,0,23,15,13,11,7
510,54,0,19,10725,2,0,15,16,9,7,1
511,36,0,9,8847,2,1,11,13,3,2,2
512,27,0,3,2045,0,0,13,5,4,2,1
513,20,1,10,1009,1,1,11,1,1,0,1
514,33,1,3,3348,1,1,11,10,10,8,7
515,35,0,3,1281,1,0,18,1,1,0,0
516,23,0,4,2819,2,0,16,5,3,2,2
517,25,0,8,4851,0,0,22,4,3,2,2
518,38,0,7,4028,0,0,20,8,7,7,5
519,29,0,1,2720,1,0,18,10,10,7,8
520,48,0,2,8120,3,0,12,12,2,2,2
521,27,0,3,4647,1,1,20,6,6,5,4
522,37,0,10,4680,3,0,17,4,1,0,0
523,50,0,28,3221,1,1,11,20,20,8,8
524,34,0,9,8621,1,0,14,9,8,7,7
525,24,1,3,4577,9,0,14,4,2,2,0
526,39,0,2,4553,1,0,11,20,20,7,10
527,32,0,10,5396,1,0,12,10,10,7,8
528,50,1,8,6796,3,1,14,18,4,3,3
529,38,0,1,7625,0,0,13,10,9,7,8
530,27,0,1,7412,1,0,11,9,9,7,7
531,32,0,3,11159,3,0,15,10,7,7,7
532,47,0,14,4960,2,0,12,20,7,7,7
533,40,0,5,10475,5,1,21,20,18,13,12
534,53,0,7,14814,3,0,19,32,5,1,3
535,41,0,10,19141,3,0,15,23,21,6,6
536,60,0,16,5405,8,0,14,10,2,2,2
537,27,0,10,8793,1,0,21,9,9,7,7
538,41,0,1,19189,1,0,12,22,22,7,10
539,50,0,8,3875,7,0,15,4,2,2,2
540,28,1,1,2216,7,1,13,10,7,7,7
541,36,0,8,11713,9,0,14,10,8,7,5
542,38,0,1,7861,4,1,14,10,1,0,0
543,44,0,24,3708,2,0,14,9,5,2,4
544,47,0,3,13770,9,1,12,28,22,2,13
545,30,0,27,5304,7,0,23,10,8,7,7
546,29,0,10,2642,1,0,11,1,1,0,0
547,42,1,19,2759,6,1,12,7,2,2,2
548,43,0,15,6804,3,0,18,7,2,2,2
549,34,0,8,6142,3,0,11,10,5,1,3
550,23,0,9,2500,1,0,14,5,4,3,2
551,39,0,3,6389,9,0,15,12,8,3,6
552,56,0,9,11103,7,0,11,30,10,7,1
553,40,0,2,2342,0,1,20,5,4,2,3
554,27,0,7,6811,8,0,19,9,7,6,7
555,29,0,10,2297,1,0,14,2,2,2,2
556,53,0,6,2450,2,0,17,19,2,2,2
557,35,0,2,5093,2,0,11,16,1,0,0
558,32,0,24,5309,1,0,15,10,10,8,7
559,38,0,2,3057,6,1,13,6,1,0,1
560,34,0,8,5121,3,0,14,7,0,0,0
561,52,0,3,16856,1,0,11,34,34,6,16
562,33,1,1,2686,1,1,13,10,10,9,8
563,25,0,26,6180,1,0,23,6,6,5,4
564,45,0,2,6632,0,0,13,9,8,7,1
565,23,0,10,3505,1,0,18,2,2,2,2
566,47,1,27,6397,4,1,12,8,5,4,3
567,34,0,2,6274,1,0,22,6,6,5,4
568,55,1,2,19859,5,1,13,24,5,2,4
569,36,0,8,7587,1,0,15,10,10,7,9
570,52,0,19,4258,0,0,18,5,4,3,2
571,26,0,1,4364,3,0,14,5,2,2,0
572,29,0,27,4335,4,0,12,11,8,7,1
573,26,1,8,5326,6,0,17,6,4,3,2
574,34,0,1,3280,2,0,16,10,4,2,3
575,54,0,19,5485,9,1,11,9,5,3,4
576,27,0,8,4342,0,0,19,5,4,2,1
577,37,0,10,2782,0,1,13,6,5,3,3
578,38,0,2,5980,6,1,12,17,15,7,12
579,34,0,2,4381,1,0,11,6,6,5,3
580,35,0,8,2572,1,0,16,3,3,2,2
581,30,0,1,3833,3,0,21,7,2,2,2
582,40,0,2,4244,1,0,24,8,8,7,7
583,34,0,8,6500,5,0,17,6,3,2,2
584,42,0,8,18430,1,0,13,24,24,7,9
585,23,1,6,1601,1,1,21,1,0,0,0
586,24,0,9,2694,1,0,11,1,1,0,0
587,52,0,11,3149,8,0,20,9,5,2,4
588,50,0,2,17639,5,0,16,30,4,3,3
589,29,1,1,2319,1,1,11,1,1,0,0
590,33,0,7,11691,0,0,11,14,13,9,7
591,33,1,16,5324,5,0,15,6,3,2,2
592,47,0,2,16752,1,1,11,26,26,14,0
593,36,0,1,5228,0,0,15,10,9,7,5
594,29,0,23,2700,1,0,24,10,10,7,7
595,58,1,2,19246,7,1,12,40,31,15,8
596,35,0,1,2506,3,0,13,7,2,2,2
597,42,0,1,6062,9,1,13,8,4,3,2
598,28,1,2,4382,6,0,17,5,2,2,1
599,36,0,13,2143,4,0,13,8,5,2,4
600,32,0,4,6162,1,0,12,14,14,13,8
601,40,0,16,5094,6,0,14,10,1,0,0
602,30,0,2,6877,5,1,24,12,0,0,0
603,45,0,2,2274,1,0,14,1,1,0,0
604,42,0,29,4434,1,0,13,10,9,8,8
605,38,0,12,6288,2,0,15,13,4,3,2
606,34,0,16,2553,1,0,16,6,5,2,3
607,49,1,11,7654,1,0,18,9,9,8,7
608,55,1,2,5160,4,0,16,12,9,7,3
609,43,0,14,17159,6,0,24,22,4,1,0
610,27,0,5,12808,1,1,16,9,9,8,8
611,35,0,7,10221,3,0,21,17,8,5,6
612,28,0,2,4779,1,1,20,8,8,7,5
613,34,0,3,3737,0,0,19,4,3,2,2
614,26,1,5,2366,1,1,14,8,8,7,7
615,27,0,3,1706,1,0,11,0,0,0,0
616,51,0,26,16307,2,0,14,29,20,6,17
617,44,0,4,5933,9,0,12,10,5,2,3
618,25,0,2,3424,7,0,13,6,4,3,1
619,33,0,1,4037,1,0,22,9,9,8,8
620,35,0,27,2559,1,0,11,6,6,5,1
621,36,0,1,6201,1,1,14,18,18,14,11
622,32,0,13,4403,2,0,11,8,5,2,3
623,30,0,5,3761,9,0,12,10,5,4,3
624,53,0,7,10934,7,1,18,35,5,2,4
625,45,0,9,10761,4,1,12,18,5,4,2
626,32,0,8,5175,5,0,12,9,5,3,3
627,52,0,25,13826,3,0,22,31,9,8,0
628,37,0,16,6334,4,0,19,9,1,0,0
629,28,0,8,4936,1,0,13,6,5,1,4
630,22,0,1,4775,6,0,22,4,2,2,2
631,44,0,8,2818,2,1,24,10,3,2,2
632,42,0,2,2515,5,1,14,8,2,1,2
633,36,0,8,2342,0,0,21,6,5,4,3
634,25,0,3,4194,1,1,18,5,5,3,3
635,35,0,9,10685,1,1,20,17,17,14,15
636,35,1,25,2022,1,1,19,10,10,2,8
637,32,0,1,2314,0,0,12,4,3,0,2
638,25,0,4,4256,1,0,12,5,5,2,3
639,49,0,1,3580,2,0,16,7,4,2,2
640,24,0,4,3162,0,0,17,6,5,2,4
641,32,0,5,6524,1,0,14,10,10,8,3
642,38,0,9,2899,0,0,19,3,2,2,2
643,42,0,3,5231,2,1,13,17,5,3,3
644,31,0,11,2356,3,1,19,8,6,4,2
645,29,1,1,2800,6,1,19,5,3,2,2
646,53,0,8,11836,5,0,14,28,2,0,2
647,35,0,25,10903,3,0,16,16,13,10,8
648,37,0,21,2973,5,0,15,10,5,4,0
649,53,0,23,14275,6,0,18,33,12,9,8
650,43,0,1,5562,4,0,13,12,5,2,2
651,47,0,2,4537,0,1,22,8,7,6,7
652,37,0,19,7642,1,1,13,10,10,0,9
653,50,0,2,17924,1,0,11,31,31,6,7
654,39,0,2,5204,8,0,11,13,5,4,4
655,33,0,3,2277,3,1,11,7,4,3,3
656,32,1,25,2795,1,1,24,1,1,0,1
657,29,0,7,2532,6,0,14,8,4,3,3
658,44,0,9,2559,1,1,13,8,8,7,1
659,28,0,5,4908,1,0,14,4,4,2,2
660,58,1,2,2380,9,1,14,3,1,0,0
661,43,0,8,4765,4,0,21,4,1,0,0
662,20,1,2,2044,1,0,13,2,2,2,2
663,21,1,18,2693,1,0,19,1,1,0,0
664,36,0,14,6586,0,1,17,17,16,8,11
665,47,0,2,3294,1,1,18,3,3,2,2
666,22,1,3,4171,0,1,19,4,3,2,2
667,41,1,2,2778,4,1,13,10,7,7,0
668,28,0,9,2377,5,0,18,6,2,2,2
669,39,1,6,2404,7,1,21,8,2,2,2
670,27,0,4,2318,1,0,19,1,1,1,0
671,34,0,10,2008,1,0,14,1,1,0,0
672,42,0,14,6244,7,0,17,10,5,4,3
673,33,0,1,2799,3,1,11,6,3,2,2
674,58,0,5,10552,2,1,13,24,6,0,4
675,31,0,7,2329,3,0,15,13,7,7,2
676,35,0,21,4014,1,1,25,10,10,6,7
677,49,0,8,7403,4,0,11,29,26,9,7
678,48,0,20,2259,4,0,17,13,0,0,0
679,31,0,20,6932,1,0,13,9,9,8,0
680,36,0,7,4678,2,0,18,8,6,2,1
681,38,0,1,13582,1,0,13,15,15,12,11
682,32,0,1,2332,6,0,20,5,3,0,2
683,25,1,19,2413,1,1,18,1,1,0,0
684,40,0,10,9705,2,0,12,11,1,0,0
685,26,0,1,4294,1,0,12,7,7,7,7
686,41,0,6,4721,2,1,13,20,18,13,17
687,36,0,2,2519,4,0,21,16,11,8,9
688,19,1,21,2121,1,1,13,1,1,0,0
689,20,1,4,2973,1,0,19,1,1,0,0
690,31,0,12,5855,0,1,11,10,9,7,5
691,40,0,9,3617,8,1,14,3,1,1,0
692,32,0,3,6725,1,0,12,8,8,7,3
693,36,1,3,10325,1,1,11,16,16,7,7
694,33,0,1,6949,0,0,14,6,5,0,4
695,37,1,1,10609,5,0,11,17,14,1,7
696,45,0,4,4447,1,0,12,9,9,7,8
697,29,0,20,2157,1,0,15,3,3,1,2
698,35,0,18,4601,1,0,16,5,5,2,0
699,52,0,1,17099,2,0,15,26,9,8,8
700,58,1,2,2479,4,0,24,7,1,0,0
701,53,0,2,14852,6,0,13,22,17,13,2
702,30,0,8,7264,5,0,11,10,8,4,7
703,38,0,10,5666,1,1,13,6,5,3,3
704,35,0,3,7823,6,0,13,12,10,9,8
705,39,0,2,7880,0,0,18,9,8,7,7
706,40,1,24,13194,4,1,16,22,1,0,0
707,47,0,16,5067,1,1,19,20,19,10,7
708,36,0,8,5079,4,0,13,12,7,7,7
709,31,1,9,2321,0,1,22,4,3,2,2
710,33,0,17,17444,1,0,11,10,10,8,0
711,29,1,10,2404,6,1,20,3,0,0,0
712,33,0,13,3452,3,0,18,5,3,2,2
713,45,0,1,2270,3,0,14,8,5,3,2
714,50,0,1,17399,9,0,22,32,5,4,3
715,33,0,1,5488,1,1,13,6,6,5,2
716,41,0,9,19419,2,0,17,21,18,16,11
717,27,0,16,2811,9,0,14,4,2,2,2
718,45,0,23,3633,1,1,15,9,9,8,8
719,47,0,4,4163,1,1,17,9,9,0,7
720,30,1,22,2132,4,1,11,7,5,2,1
721,50,0,24,13973,3,1,18,22,12,11,5
722,38,0,10,2684,0,0,17,3,2,1,2
723,46,0,7,10845,6,0,13,13,8,7,7
724,24,0,17,4377,1,0,15,5,4,2,2
725,35,1,14,3743,1,1,24,5,4,2,2
726,31,0,1,4148,1,0,12,4,4,3,3
727,18,0,5,1051,1,0,15,0,0,0,0
728,54,0,17,10739,8,0,11,22,10,7,8
729,35,0,25,10388,1,1,11,16,16,10,1
730,30,0,8,11416,0,1,12,9,8,7,7
731,20,1,11,2600,1,1,15,1,1,0,0
732,30,1,5,2422,0,0,17,4,3,2,2
733,26,0,2,5472,1,0,12,8,8,7,3
734,22,0,8,2451,1,0,15,4,4,3,1
735,48,0,6,4240,2,0,13,19,2,2,2
736,48,0,4,10999,7,0,14,27,15,11,8
737,41,0,7,5003,6,0,14,8,2,2,1
738,39,0,1,12742,1,0,16,21,21,6,8
739,27,0,2,4227,0,0,18,4,3,2,2
740,35,0,10,3917,1,0,20,3,3,2,2
741,42,0,5,18303,6,0,13,21,1,0,0
742,50,0,9,2380,4,0,18,8,1,0,0
743,59,0,2,13726,3,1,13,30,5,3,3
744,37,1,11,4777,5,0,15,15,1,0,0
745,55,0,18,6385,3,1,14,17,8,7,7
746,41,0,7,19973,1,0,22,21,21,16,10
747,38,0,3,6861,8,1,12,19,1,0,0
748,26,1,29,4969,8,0,18,7,2,2,2
749,52,1,2,19845,1,0,15,33,32,14,9
750,44,0,28,13320,3,1,18,23,12,11,11
751,50,0,1,6347,0,0,12,19,18,7,13
752,36,1,16,2743,1,0,16,18,17,13,14
753,39,0,22,10880,1,1,13,21,21,6,8
754,33,0,8,2342,0,0,19,3,2,2,2
755,45,0,11,17650,3,0,13,26,9,3,1
756,32,0,29,4025,9,0,12,10,8,7,7
757,34,0,1,9725,0,0,11,16,15,1,9
758,59,0,1,11904,3,1,14,14,6,4,4
759,45,0,24,2177,1,0,16,6,6,3,4
760,53,0,2,7525,2,0,12,30,15,7,12
761,36,1,15,4834,7,0,14,9,1,0,0
762,26,1,2,2042,6,1,14,6,3,2,2
763,34,0,10,2220,1,1,19,1,1,1,0
764,28,0,10,1052,1,0,22,1,1,0,0
765,38,0,3,2821,3,0,16,8,2,2,2
766,50,0,2,19237,2,1,11,29,8,1,7
767,37,0,3,4107,3,0,15,8,4,3,1
768,40,0,26,8396,1,0,14,8,7,7,5
769,26,0,1,2007,1,0,13,5,5,3,3
770,46,0,1,19627,9,0,17,23,2,2,2
771,54,0,2,10686,6,0,11,13,9,4,0
772,56,0,9,2942,2,0,19,18,5,4,3
773,36,0,12,8858,0,0,11,15,14,8,8
774,55,0,2,16756,7,0,15,31,9,7,2
775,43,0,25,10798,5,0,13,18,1,0,0
776,20,1,9,2323,1,1,14,2,2,2,2
777,21,1,10,1416,1,0,13,1,1,0,0
778,46,0,8,4615,8,1,23,19,16,13,7
779,51,1,4,2461,9,1,12,18,10,0,7
780,28,1,24,8722,1,0,12,10,10,7,9
781,26,0,1,3955,1,0,16,6,5,3,3
782,30,0,20,9957,0,0,15,7,6,2,2
783,41,0,7,3376,1,0,13,10,10,6,8
784,38,0,17,8823,0,0,18,20,19,9,9
785,40,0,20,10322,4,0,20,14,11,10,1
786,27,0,8,4621,1,0,19,3,3,2,2
787,55,0,2,10976,3,0,18,23,3,2,2
788,28,0,10,3660,3,0,13,10,8,7,7
789,44,1,1,10482,9,0,14,24,20,6,6
790,33,0,5,7119,4,0,15,9,3,2,2
791,35,1,4,9582,0,1,22,9,8,7,7
792,33,1,29,4508,1,0,22,14,13,7,8
793,28,0,15,2207,1,0,16,4,4,2,2
794,34,0,3,7756,0,0,17,7,6,2,4
795,37,0,10,6694,2,1,14,8,1,0,0
796,25,1,4,3691,1,1,15,7,7,7,6
797,26,1,21,2377,1,0,20,1,1,1,0
798,33,1,25,2313,4,1,20,5,2,2,2
799,42,0,2,17665,0,0,17,23,22,6,7
800,28,1,1,2596,1,0,15,1,1,0,0
801,50,1,1,4728,3,1,14,5,0,0,0
802,33,0,7,4302,0,0,17,4,3,2,2
803,34,0,3,2979,3,0,17,6,0,0,0
804,48,0,1,16885,2,0,22,27,5,4,1
805,45,0,9,5593,1,0,13,15,15,10,12
806,52,0,7,10445,7,0,19,18,8,6,0
807,38,0,10,8740,0,1,14,9,8,7,7
808,29,0,28,2514,4,0,22,11,7,5,7
809,28,0,3,7655,0,0,17,10,9,7,7
810,46,0,3,17465,3,0,12,23,12,9,9
811,38,0,2,7351,7,0,16,10,1,0,0
812,43,0,27,10820,8,0,11,18,8,7,1
813,39,1,2,12169,7,0,11,21,18,7,5
814,40,0,14,19626,1,0,14,21,20,7,9
815,21,0,1,2070,1,1,11,2,2,2,2
816,39,0,9,6782,9,0,15,9,5,4,3
817,36,0,18,7779,2,0,20,18,11,9,9
818,31,0,20,2791,0,0,12,3,2,2,2
819,28,0,2,3201,0,0,17,6,5,3,4
820,35,0,11,4968,1,0,11,5,5,2,2
821,49,0,8,13120,6,0,17,22,9,8,3
822,34,0,2,4033,2,0,11,5,3,2,2
823,29,0,10,3291,0,0,14,8,7,5,1
824,42,0,29,4272,4,0,19,16,1,0,0
825,29,0,8,5056,1,1,15,10,10,7,2
826,38,0,1,2844,1,0,13,7,7,6,0
827,28,0,6,2703,1,1,14,3,3,1,2
828,18,1,8,1904,1,0,12,0,0,0,0
829,33,1,9,8224,0,1,17,6,5,2,3
830,41,0,12,4766,3,1,11,6,1,0,0
831,31,1,15,2610,1,0,12,2,2,2,2
832,37,0,25,5731,7,0,13,9,6,2,3
833,27,0,6,2539,1,0,13,4,4,2,2
834,34,0,9,5714,1,0,20,6,6,5,3
835,35,0,8,4323,1,0,17,6,5,4,4
836,29,1,23,7336,1,0,13,11,11,8,10
837,40,0,9,13499,9,0,17,20,18,7,13
838,42,1,12,13758,0,1,12,22,21,9,14
839,42,0,4,5155,7,0,13,9,6,4,5
840,35,0,1,2258,6,0,12,10,8,0,7
841,24,0,24,3597,8,0,22,6,4,3,2
842,28,1,12,2515,1,1,11,1,1,1,0
843,26,0,3,4420,1,0,22,8,8,7,7
844,30,0,10,6578,1,0,18,10,10,3,4
845,40,0,26,4422,3,1,13,16,1,1,0
846,35,0,2,10274,2,0,18,15,7,7,4
847,34,0,1,5343,0,0,20,14,13,9,9
848,35,0,4,2376,1,0,13,2,2,2,2
849,43,1,9,5346,8,0,13,7,4,3,3
850,32,0,2,2827,1,0,12,1,1,0,0
851,56,0,4,19943,4,0,13,28,5,2,2
852,29,0,6,3131,1,0,13,10,10,8,8
853,19,0,9,2552,1,0,25,1,1,1,0
854,45,0,7,4477,4,1,19,7,3,2,2
855,37,0,1,6474,1,0,13,14,14,8,11
856,20,0,3,3033,1,0,12,2,2,2,2
857,44,1,10,2936,1,1,11,6,6,4,2
858,53,0,7,18606,3,0,18,26,7,7,7
859,29,0,15,2168,0,1,18,6,5,4,3
860,22,1,3,2853,0,1,11,1,0,0,0
861,46,0,2,17048,8,0,23,28,26,15,9
862,44,0,17,2290,2,0,13,6,0,0,0
863,33,0,2,3600,1,0,13,5,5,4,4
864,41,1,5,2107,6,0,17,5,1,0,0
865,30,0,29,4115,8,0,19,8,4,3,3
866,40,0,2,4327,5,0,12,5,0,0,0
867,50,0,2,17856,2,0,22,32,2,2,2
868,28,0,19,3196,1,0,12,6,6,5,3
869,46,0,15,19081,5,0,11,25,4,2,3
870,35,0,17,8966,3,1,15,15,7,7,7
871,24,1,17,2210,1,0,13,1,1,0,0
872,33,0,25,4539,1,0,12,10,10,7,1
873,36,0,6,2741,1,0,14,7,7,7,7
874,30,0,7,3491,1,0,13,10,10,7,9
875,44,0,29,4541,1,0,25,20,20,11,17
876,20,0,21,2678,1,0,17,2,2,1,2
877,46,0,2,7379,2,0,11,12,6,3,4
878,42,0,2,6272,7,0,16,10,4,3,3
879,60,0,7,5220,0,1,18,12,11,7,9
880,32,0,13,2743,1,0,20,2,2,2,2
881,32,0,2,4998,4,1,14,10,8,7,7
882,36,0,1,10252,2,1,21,17,7,7,7
883,33,0,9,2781,0,0,13,15,14,10,10
884,40,0,10,6852,7,0,12,7,5,1,3
885,25,0,10,4950,0,0,14,5,4,3,1
886,30,0,1,3579,0,1,21,12,11,9,7
887,42,0,26,13191,3,1,17,20,1,0,0
888,35,0,8,10377,4,1,11,16,13,2,12
889,27,0,14,2235,1,1,14,9,9,7,8
890,54,0,1,10502,7,0,17,33,5,4,4
891,44,0,2,2011,1,0,13,10,10,5,7
892,19,1,10,1859,1,1,25,1,1,1,0
893,29,0,1,3760,1,0,15,3,3,2,2
894,54,0,3,17779,3,0,14,36,10,9,9
895,31,0,11,6833,1,1,12,6,6,5,1
896,31,0,24,6812,1,0,19,10,10,9,8
897,59,0,3,5171,5,0,17,13,6,1,5
898,43,0,3,19740,3,0,14,25,8,7,7
899,49,0,4,18711,2,0,13,23,1,0,0
900,36,0,3,3692,1,0,12,12,11,10,7
901,48,0,2,2559,5,0,11,7,1,0,0
902,27,0,4,2517,1,0,11,5,5,3,3
903,29,0,7,6623,1,1,11,6,6,0,0
904,48,0,1,18265,6,0,12,25,1,0,0
905,29,0,1,16124,3,0,14,9,7,7,7
906,34,0,20,2585,0,0,17,2,1,0,0
907,44,0,5,18213,7,0,11,26,22,9,10
908,33,0,10,8380,0,1,14,10,9,8,8
909,19,0,25,2994,1,1,12,1,1,0,1
910,23,0,1,1223,1,0,22,1,1,0,1
911,25,1,24,1118,1,1,14,1,1,0,0
912,26,0,4,2875,1,1,20,8,8,5,2
913,45,1,2,18824,2,1,16,26,24,10,11
914,55,0,8,13577,1,1,15,34,33,9,0
915,21,1,10,2625,1,0,20,2,2,2,2
916,46,0,4,18789,2,0,14,26,11,4,8
917,34,0,2,4538,0,1,12,4,3,2,2
918,51,0,9,19847,4,1,24,31,29,10,10
919,59,0,18,10512,6,0,12,25,9,7,4
920,34,0,19,4444,4,0,13,15,11,8,10
921,28,0,1,2154,0,1,11,5,4,2,2
922,44,0,4,19190,1,0,14,26,25,9,13
923,34,0,11,4490,4,0,11,14,10,9,8
924,35,0,6,3506,0,1,14,4,3,2,2
925,42,0,7,2372,6,1,16,18,1,0,0
926,43,0,4,10231,3,0,14,23,21,7,17
927,36,0,2,5410,9,1,11,18,16,14,12
928,44,1,15,7978,1,0,11,10,10,7,5
929,28,0,2,3867,1,1,12,2,2,2,2
930,51,0,6,2838,0,0,14,8,7,0,7
931,30,0,9,4695,7,1,18,10,8,4,7
932,29,1,7,3339,3,1,13,10,7,7,7
933,28,0,1,2080,2,0,11,5,3,2,2
934,25,0,1,2096,1,0,18,2,2,2,1
935,32,0,8,6209,1,0,15,10,10,7,8
936,45,0,25,18061,3,0,22,22,0,0,0
937,39,0,13,17123,6,1,13,21,19,9,2
938,58,0,23,2372,1,0,12,2,2,2,2
939,32,1,7,4883,1,0,18,10,10,4,1
940,39,1,23,3904,0,0,13,6,5,2,3
941,30,0,6,4627,0,0,12,10,9,2,7
942,36,0,10,7094,3,0,12,10,7,7,7
943,46,0,1,3423,6,0,12,10,7,6,7
944,28,0,1,6674,0,0,11,10,9,8,5
945,50,0,28,16880,4,1,11,25,3,2,2
946,40,1,25,9094,2,1,12,9,5,4,0
947,52,1,5,8446,9,1,19,10,8,7,7
948,30,0,17,11916,1,1,23,9,9,1,8
949,39,0,18,4534,0,0,11,9,8,7,7
950,31,0,2,9852,1,1,19,10,10,8,6
951,41,0,10,6151,1,0,13,19,19,2,9
952,31,1,1,2302,1,1,11,3,3,2,2
953,44,1,3,2362,4,0,12,10,3,2,2
954,42,0,2,17861,0,1,13,21,20,8,10
955,55,0,2,19187,4,0,14,23,19,9,11
956,56,0,8,19717,6,0,14,36,7,3,7
957,40,0,16,3544,9,0,16,6,4,2,0
958,34,0,9,8500,0,0,11,10,9,7,6
959,40,0,2,4661,1,0,13,9,9,8,8
960,41,0,1,4103,0,0,17,10,9,3,7
961,35,0,4,4249,1,1,11,9,9,6,1
962,51,0,5,14026,1,1,11,33,33,9,10
963,38,0,2,6893,3,0,15,11,7,7,7
964,34,0,15,6125,1,0,12,10,10,8,6
965,25,0,19,3669,3,0,11,7,3,2,2
966,58,1,7,10008,7,1,14,31,10,9,9
967,40,0,1,2387,3,0,22,7,4,2,3
968,36,0,7,4639,2,0,16,17,15,7,13
969,48,0,4,7898,1,0,11,11,10,9,8
970,27,0,11,2534,8,0,14,5,1,0,0
971,51,0,11,13142,3,0,16,29,5,2,3
972,18,0,1,1611,1,0,15,0,0,0,0
973,35,0,1,5363,0,0,12,10,9,7,0
974,27,0,2,5071,3,0,20,8,6,2,0
975,55,1,13,13695,6,1,17,24,19,7,8
976,56,0,23,13402,4,1,12,33,19,16,9
977,34,0,26,2029,1,0,20,5,5,4,0
978,40,0,2,6377,5,0,20,15,12,11,8
979,34,0,29,5429,4,0,13,10,8,7,7
980,31,1,2,2785,7,0,14,3,1,0,0
981,35,1,18,4614,0,1,18,5,4,2,2
982,38,0,7,2610,1,0,11,4,4,2,3
983,34,0,2,6687,1,0,11,14,14,11,11
984,28,0,26,4724,1,0,11,5,5,3,4
985,31,1,22,6179,1,1,15,10,10,2,7
986,39,0,21,6120,3,1,12,8,5,4,4
987,51,0,2,10596,2,0,11,14,4,2,2
988,41,0,22,5467,3,1,14,12,6,2,3
989,37,0,4,2996,7,1,15,8,6,4,3
990,33,0,5,9998,6,0,13,8,5,4,2
991,32,0,2,4078,0,1,13,4,3,2,2
992,39,0,25,10920,3,0,21,13,6,4,5
993,25,0,18,6232,2,0,11,6,3,2,2
994,52,0,28,13247,2,1,11,24,5,3,2
995,43,0,6,4081,1,1,14,20,20,7,8
996,27,0,10,5769,1,1,11,6,6,2,4
997,27,1,17,2394,1,1,13,8,8,2,7
998,26,0,2,3904,0,0,12,5,4,3,1
999,42,0,10,16799,0,0,14,21,20,7,9
1000,52,0,8,2950,9,0,13,12,5,4,4
1001,37,0,11,3629,4,0,18,8,3,2,2
1002,35,0,18,9362,2,0,11,10,2,2,2
1003,25,0,1,3229,4,0,11,7,3,2,2
1004,26,0,7,3578,0,0,12,8,7,7,7
1005,29,0,17,7988,1,0,13,10,10,9,9
1006,49,1,28,4284,3,0,20,20,4,3,3
1007,29,1,14,7553,0,1,12,9,8,7,7
1008,54,0,1,17328,6,0,19,29,20,7,7
1009,58,0,1,19701,3,1,21,32,9,8,5
1010,55,0,1,14732,2,0,13,31,7,7,0
1011,36,0,3,9278,3,1,16,15,5,4,1
1012,31,1,1,1359,1,0,12,1,1,0,0
1013,30,0,7,4779,7,0,14,8,3,2,2
1014,31,0,8,16422,3,0,11,9,3,2,0
1015,34,0,1,2996,5,0,14,10,4,3,3
1016,31,1,8,1261,1,0,12,1,1,0,0
1017,27,0,11,2099,0,0,14,6,5,0,4
1018,36,0,4,5810,1,0,16,10,10,4,8
1019,36,0,16,5647,4,0,13,11,3,2,2
1020,47,0,1,3420,7,0,12,17,6,5,2
1021,25,1,9,4400,3,0,12,6,3,2,2
1022,37,0,5,3500,0,0,14,7,6,5,3
1023,56,0,1,2066,2,0,22,5,3,2,0
1024,47,0,2,17169,3,0,19,26,20,17,6
1025,24,0,4,4162,1,1,12,5,5,4,3
1026,32,0,7,9204,4,0,12,7,4,3,3
1027,34,0,1,3294,5,0,17,7,5,4,2
1028,41,0,5,2127,2,1,12,7,4,2,3
1029,40,0,9,3975,3,0,11,11,8,7,7
1030,31,0,8,10793,1,0,18,13,13,7,9
1031,46,1,9,10096,4,0,11,28,7,7,3
1032,39,1,2,3646,2,1,23,11,1,0,0
1033,31,1,1,7446,1,0,11,10,10,8,7
1034,45,0,20,10851,2,1,18,24,7,7,7
1035,31,0,8,2109,9,0,18,8,3,2,2
1036,31,1,2,3722,6,1,13,7,2,2,2
1037,45,0,29,9380,4,1,18,10,3,1,2
1038,48,0,7,5486,4,0,11,15,2,2,2
1039,34,1,9,2742,1,0,15,2,2,2,2
1040,40,0,8,13757,2,0,11,16,9,8,8
1041,28,0,5,8463,0,0,18,6,5,4,3
1042,44,0,5,3162,3,0,14,7,5,2,3
1043,53,0,2,16598,4,0,12,35,9,8,8
1044,49,0,5,6651,2,0,14,20,3,2,2
1045,40,0,2,2345,2,0,14,8,3,1,2
1046,44,0,20,3420,1,0,13,6,5,2,3
1047,33,0,7,4373,0,0,14,5,4,3,3
1048,34,0,3,4759,3,0,18,15,13,9,12
1049,30,0,16,5301,8,0,15,4,2,1,2
1050,42,0,9,3673,1,0,13,12,12,9,8
1051,44,0,1,4768,7,0,12,11,1,0,0
1052,30,0,7,1274,1,0,13,1,1,0,0
1053,57,0,1,4900,0,0,24,13,12,9,8
1054,49,0,7,10466,3,0,14,29,8,7,7
1055,34,0,15,17007,7,0,14,16,14,8,9
1056,28,1,1,2909,3,0,15,5,3,2,2
1057,29,1,13,5765,5,0,11,7,5,3,0
1058,34,1,24,4599,0,1,23,16,15,9,10
1059,35,0,7,2404,1,0,13,1,1,0,0
1060,24,1,9,3172,2,1,11,4,0,0,0
1061,24,0,13,2033,1,0,13,1,1,0,0
1062,44,0,2,10209,5,1,18,16,2,2,2
1063,29,0,19,8620,1,0,14,10,10,7,4
1064,30,0,1,2064,0,0,21,6,5,3,3
1065,55,0,4,4035,0,1,16,4,3,2,2
1066,33,0,4,3838,8,0,11,8,5,4,2
1067,47,0,14,4591,3,1,17,11,5,4,2
1068,28,1,2,2561,7,0,11,8,0,0,0
1069,28,0,1,1563,1,0,14,1,1,0,0
1070,28,0,7,4898,0,0,14,5,4,2,3
1071,49,0,3,4789,4,0,25,10,3,2,2
1072,29,0,2,3180,0,0,13,4,3,2,2
1073,28,0,29,6549,1,0,14,8,8,6,7
1074,33,0,8,6388,2,1,17,14,0,0,0
1075,32,0,10,11244,2,0,25,10,5,2,0
1076,54,0,11,16032,3,0,20,26,14,9,12
1077,29,1,1,2362,6,0,13,11,9,7,7
1078,44,0,28,16328,3,0,13,24,20,6,17
1079,39,0,6,8376,4,0,18,9,2,0,2
1080,46,0,3,16606,8,0,12,23,13,12,1
1081,35,0,16,8606,1,0,19,11,11,8,3
1082,23,0,20,2272,0,0,14,5,4,3,2
1083,40,1,9,2018,3,0,14,15,5,4,0
1084,34,0,1,7083,1,1,14,10,10,9,6
1085,31,1,3,4084,1,0,12,7,7,2,7
1086,50,0,22,14411,1,1,13,32,32,6,9
1087,34,0,7,2308,0,1,25,12,11,10,7
1088,42,0,2,4841,4,0,14,4,1,0,0
1089,37,0,13,4285,1,0,17,10,10,8,7
1090,29,0,8,9715,3,0,13,9,7,7,7
1091,33,0,25,4320,1,0,13,5,5,3,2
1092,45,0,28,2132,4,0,20,8,5,4,3
1093,42,0,2,10124,2,1,14,24,20,8,9
1094,40,0,9,5473,0,0,12,9,8,4,1
1095,33,0,28,5207,1,1,12,15,15,14,7
1096,40,0,6,16437,1,1,21,21,21,7,7
1097,24,0,21,2296,0,0,14,2,1,1,0
1098,40,0,8,4069,3,1,18,8,2,2,2
1099,45,0,1,7441,1,0,12,10,10,8,7
1100,35,0,28,2430,0,0,23,6,5,3,2
1101,32,0,5,5878,3,0,12,12,7,1,5
1102,36,0,2,2644,3,1,21,7,3,2,2
1103,48,0,16,6439,8,0,14,18,8,7,7
1104,29,0,9,2451,6,0,18,5,1,0,0
1105,33,0,8,6392,2,0,13,8,2,2,2
1106,30,1,1,9714,1,0,11,10,10,8,7
1107,38,0,10,6077,3,0,11,10,6,3,2
1108,35,0,1,2450,1,0,19,3,3,0,2
1109,30,0,29,9250,3,0,12,9,4,2,3
1110,35,1,2,2074,1,1,12,1,1,0,0
1111,53,1,2,10169,0,0,16,34,33,7,9
1112,38,1,2,4855,4,0,11,7,5,2,4
1113,32,0,1,4087,4,0,14,9,6,5,2
1114,48,0,15,2367,8,0,12,10,8,2,6
1115,34,0,7,2972,1,0,13,1,1,0,0
1116,55,0,26,19586,1,0,21,36,36,6,13
1117,34,0,1,5484,9,0,17,9,2,2,1
1118,26,0,3,2061,1,0,21,1,1,0,0
1119,38,0,14,9924,0,0,11,10,9,8,7
1120,38,0,16,4198,2,0,12,8,3,2,2
1121,36,0,1,6815,6,0,13,15,1,0,0
1122,29,0,3,4723,1,1,18,10,10,9,5
1123,35,0,10,6142,3,1,16,10,5,2,4
1124,39,0,6,8237,2,0,11,11,7,6,6
1125,29,0,2,8853,1,0,19,6,6,4,3
1126,50,0,9,19331,4,1,16,27,1,0,0
1127,23,0,10,2073,2,0,16,4,2,2,2
1128,36,0,6,5562,3,1,13,9,3,2,2
1129,42,0,9,19613,8,0,22,24,1,0,1
1130,35,0,28,3407,1,0,17,10,10,9,8
1131,34,0,10,5063,1,0,14,8,8,2,7
1132,40,0,14,4639,1,0,15,5,5,4,2
1133,43,0,27,4876,5,0,12,8,6,4,2
1134,35,0,7,2690,1,0,18,1,1,0,1
1135,46,0,1,17567,1,0,15,27,26,0,12
1136,28,1,24,2408,1,1,17,1,1,1,0
1137,22,0,26,2814,1,1,14,4,4,2,3
1138,50,0,20,11245,2,1,15,32,30,8,13
1139,32,0,5,3312,3,0,17,6,3,2,2
1140,44,0,7,19049,0,1,14,23,22,7,10
1141,30,0,7,2141,1,0,12,6,6,4,1
1142,45,0,5,5769,1,1,14,10,10,7,4
1143,45,0,26,4385,1,0,15,10,10,7,5
1144,31,0,2,5332,7,0,13,10,5,2,3
1145,36,0,12,4663,9,1,12,7,3,2,1
1146,34,0,10,4724,1,0,13,9,9,7,2
1147,49,0,25,3211,1,0,14,10,9,6,4
1148,39,0,10,5377,2,0,13,10,7,7,7
1149,27,0,19,4066,1,0,11,7,7,7,7
1150,35,0,18,5208,1,0,11,16,16,15,10
1151,28,0,27,4877,0,0,21,6,5,3,0
1152,21,0,5,3117,1,0,18,3,2,2,2
1153,18,1,3,1569,1,1,12,0,0,0,0
1154,47,0,26,19658,3,0,11,27,5,2,0
1155,39,0,3,3069,0,0,15,11,10,8,7
1156,40,0,15,10435,1,0,13,18,18,15,12
1157,35,0,8,4148,1,0,12,15,14,11,9
1158,37,0,19,5768,3,0,17,9,4,3,2
1159,39,0,4,5042,0,0,13,10,9,2,8
1160,45,0,2,5770,1,0,19,10,10,7,9
1161,38,0,2,7756,3,1,19,10,5,4,2
1162,35,1,10,10306,9,0,17,15,13,12,0
1163,37,0,10,3936,1,0,11,8,8,4,7
1164,40,0,16,7945,6,1,15,18,4,2,3
1165,44,0,1,5743,4,1,11,14,10,7,2
1166,48,0,4,15202,2,0,25,23,2,2,2
1167,35,1,15,5440,6,1,14,7,2,2,2
1168,24,0,2,3760,1,1,13,6,6,3,3
1169,27,0,8,3517,7,0,17,5,3,2,2
1170,27,0,2,2580,2,0,13,6,4,2,2
1171,40,1,7,2166,3,1,14,10,4,2,3
1172,29,0,10,5869,9,0,11,8,5,2,4
1173,36,0,5,8008,4,0,12,9,3,2,2
1174,25,0,2,5206,1,0,17,7,7,7,7
1175,39,0,12,5295,4,0,21,7,5,4,0
1176,49,0,22,16413,3,0,16,27,4,2,2
1177,50,0,17,13269,5,0,15,19,14,11,11
1178,20,0,2,2783,1,0,19,2,2,2,2
1179,34,0,3,5433,1,0,12,11,11,8,9
1180,36,0,7,2013,2,0,11,15,4,3,3
1181,49,0,6,13966,2,1,19,30,15,11,12
1182,36,0,1,4374,0,0,15,4,3,2,2
1183,36,0,3,6842,6,0,20,13,5,4,4
1184,54,0,22,17426,3,0,25,36,10,8,7
1185,43,0,15,17603,1,0,24,14,14,10,11
1186,35,1,12,4581,3,1,24,13,11,9,7
1187,38,0,1,4735,7,0,15,19,13,11,9
1188,29,0,5,4187,1,1,13,10,10,0,9
1189,33,0,2,5505,1,0,14,6,6,2,4
1190,32,0,2,5470,0,0,13,10,9,5,6
1191,31,0,5,5476,1,0,11,10,10,0,2
1192,49,0,16,2587,4,1,16,17,2,2,2
1193,38,0,2,2440,1,0,22,4,4,3,3
1194,47,0,2,15972,6,0,14,29,3,2,2
1195,49,0,1,15379,4,0,14,23,8,7,0
1196,41,0,23,7082,3,1,16,21,2,0,2
1197,20,0,9,2728,1,0,11,2,2,2,2
1198,33,0,16,5368,1,1,25,7,6,5,2
1199,36,0,26,5347,6,0,14,10,3,2,2
1200,44,0,1,3195,4,1,18,8,2,2,2
1201,23,1,8,3989,1,1,11,5,5,4,2
1202,38,0,4,3306,7,0,19,7,0,0,0
1203,53,0,24,7005,3,0,15,11,4,3,2
1204,48,1,7,2655,2,1,11,19,9,7,7
1205,32,1,2,1393,1,0,12,1,1,0,0
1206,26,0,7,2570,1,0,20,7,7,7,7
1207,55,0,22,3537,5,0,12,8,4,2,2
1208,34,0,5,3986,1,0,14,15,15,10,13
1209,60,0,1,10883,3,0,20,19,1,0,0
1210,33,0,21,2028,1,0,18,14,14,11,13
1211,37,0,1,9525,1,0,14,6,6,3,3
1212,34,0,19,2929,1,0,12,10,10,9,7
1213,23,1,7,2275,1,1,21,3,3,2,2
1214,44,0,2,7879,1,1,19,9,8,7,7
1215,35,0,2,4930,0,1,14,6,5,4,4
1216,43,0,2,7847,1,1,17,10,10,9,8
1217,24,0,9,4401,1,0,16,5,5,3,4
1218,41,0,6,9241,1,0,12,10,10,8,7
1219,29,0,9,2974,9,0,17,9,5,3,2
1220,36,0,2,4502,3,0,15,17,13,7,7
1221,45,0,1,10748,3,0,23,25,23,15,4
1222,24,1,22,1555,1,0,11,1,1,0,0
1223,47,1,9,12936,7,0,11,25,23,5,10
1224,26,0,17,2305,1,0,15,3,3,2,2
1225,45,0,28,16704,1,0,11,21,21,6,6
1226,32,0,10,3433,6,0,13,10,5,2,3
1227,31,0,2,3477,1,0,14,6,5,2,3
1228,41,0,4,6430,6,0,19,10,3,2,2
1229,40,0,8,6516,2,1,16,18,1,0,0
1230,24,0,29,3907,1,0,13,6,6,2,2
1231,46,0,13,5562,6,0,14,19,10,7,9
1232,35,0,27,6883,2,0,16,17,7,7,7
1233,30,0,16,2862,1,0,12,10,10,0,8
1234,47,0,2,4978,7,0,11,4,1,0,0
1235,46,0,2,10368,4,1,12,13,10,6,3
1236,36,1,13,6134,5,1,13,16,2,2,2
1237,32,1,1,6735,6,0,15,10,0,0,0
1238,23,0,4,3295,1,0,13,3,3,2,2
1239,31,0,24,5238,2,0,20,9,5,4,4
1240,39,0,1,6472,1,1,15,9,9,8,8
1241,32,0,19,9610,3,0,13,10,4,3,2
1242,40,0,7,19833,1,0,14,21,21,8,8
1243,45,0,4,9756,4,0,21,9,5,0,3
1244,30,0,2,4968,0,0,16,10,9,7,7
1245,24,0,10,2145,0,0,14,3,2,2,1
1246,30,1,8,2180,6,0,11,6,4,2,2
1247,31,0,5,8346,1,0,19,6,5,2,2
1248,27,0,8,3445,1,0,11,6,6,2,4
1249,29,1,9,2760,1,0,13,2,2,2,2
1250,29,0,1,6294,8,1,12,10,3,2,2
1251,30,0,15,7140,2,0,11,12,7,7,7
1252,34,0,2,2932,0,1,14,6,5,0,2
1253,33,0,2,5147,8,0,15,13,11,7,7
1254,49,0,11,4507,3,0,12,8,5,1,4
1255,33,1,16,8564,2,1,20,11,0,0,0
1256,38,0,2,2468,4,0,14,9,6,1,5
1257,31,1,16,8161,2,0,13,10,1,0,0
1258,29,0,4,2109,1,0,13,1,1,0,0
1259,30,0,16,5294,3,0,16,10,7,0,7
1260,32,0,5,2718,2,0,14,12,7,7,7
1261,38,0,18,5811,3,1,16,15,1,0,0
1262,43,1,17,2437,9,1,16,6,1,0,0
1263,42,0,12,2766,8,0,22,7,5,3,4
1264,55,0,2,19038,8,0,12,34,1,0,0
1265,33,0,4,3055,5,0,15,11,9,8,7
1266,41,0,9,2289,1,0,20,5,5,3,4
1267,34,0,10,4001,1,1,14,15,15,14,7
1268,53,0,1,12965,4,1,20,27,3,2,2
1269,43,0,2,3539,0,0,13,10,9,7,8
1270,34,0,3,6029,5,0,12,6,2,2,2
1271,21,1,7,2679,1,0,13,1,1,0,0
1272,38,0,6,3702,1,0,11,5,5,4,4
1273,22,1,8,2398,1,1,17,1,1,0,0
1274,31,0,29,5468,1,0,14,13,12,7,7
1275,51,0,3,13116,2,0,11,15,2,2,2
1276,37,0,9,4189,1,0,14,5,5,2,3
1277,46,0,2,19328,7,1,17,24,2,1,2
1278,36,0,10,8321,7,1,13,15,12,8,7
1279,44,1,1,2342,1,1,12,6,5,3,3
1280,37,0,8,4071,2,0,13,19,10,0,7
1281,35,1,27,5813,1,1,18,10,10,7,7
1282,33,0,8,3143,6,0,19,14,10,8,6
1283,28,0,1,2044,1,0,11,5,5,3,3
1284,39,0,10,13464,7,0,21,9,4,3,2
1285,46,0,26,7991,8,0,15,6,2,2,2
1286,40,0,2,3377,4,0,17,7,4,3,2
1287,42,0,13,5538,5,0,18,10,0,0,0
1288,35,0,2,5762,2,0,14,15,7,7,7
1289,38,0,2,2592,5,0,13,13,11,10,8
1290,34,1,9,5346,4,0,17,11,7,1,7
1291,37,1,10,4213,1,0,15,10,10,3,8
1292,39,0,20,4127,2,0,18,7,2,1,2
1293,43,0,9,2438,4,0,13,7,3,2,2
1294,41,0,5,6870,3,0,12,11,3,2,2
1295,41,0,4,10447,0,1,13,23,22,14,5
1296,30,0,10,9667,9,0,14,9,7,7,2
1297,26,1,20,2148,0,1,11,6,5,1,4
1298,46,1,21,8926,4,0,22,13,9,7,7
1299,40,0,1,6513,4,0,17,12,5,3,3
1300,34,0,8,6799,1,0,21,10,10,8,8
1301,58,0,2,16291,4,0,22,37,16,9,14
1302,35,0,23,2705,0,0,16,6,5,4,3
1303,47,0,4,10333,8,1,12,28,22,11,10
1304,40,0,12,4448,2,0,12,15,7,4,7
1305,54,0,7,6854,4,0,15,14,7,1,7
1306,31,0,7,9637,2,0,14,9,3,2,2
1307,28,0,1,3591,1,0,25,3,3,2,2
1308,38,0,2,5405,2,1,20,20,4,2,3
1309,26,0,10,4684,1,0,13,5,5,3,2
1310,58,0,15,15787,2,1,14,23,2,2,2
1311,18,0,14,1514,1,0,16,0,0,0,0
1312,31,1,18,2956,0,0,17,2,1,0,0
1313,29,1,13,2335,4,1,15,4,2,2,0
1314,45,0,2,5154,4,0,22,10,8,7,7
1315,36,0,2,6962,4,1,22,15,1,0,0
1316,43,0,2,5675,1,0,20,7,7,7,7
1317,27,0,5,2379,0,1,14,6,5,4,2
1318,29,0,20,3812,1,0,13,11,11,8,10
1319,32,0,10,4648,8,0,13,4,0,0,0
1320,42,0,10,2936,3,0,22,10,6,3,3
1321,47,0,9,2105,4,0,12,7,2,2,0
1322,46,0,2,8578,3,0,14,12,9,8,7
1323,28,0,1,2706,1,0,15,3,3,2,2
1324,29,0,29,6384,8,0,17,11,7,0,6
1325,42,0,8,3968,4,0,13,8,0,0,0
1326,32,1,2,9907,7,1,12,7,2,2,2
1327,46,0,3,13225,2,0,12,25,19,17,8
1328,27,0,23,3540,1,0,21,9,9,8,8
1329,29,0,6,2804,1,0,11,1,1,0,0
1330,43,0,6,19392,7,0,13,21,16,12,14
1331,48,0,10,19665,4,0,12,29,22,10,9
1332,29,1,24,2439,1,1,24,1,1,0,0
1333,46,1,10,7314,5,0,21,14,8,7,7
1334,27,0,15,4774,0,0,19,8,7,6,3
1335,39,0,19,3902,8,0,14,7,2,2,2
1336,55,0,2,2662,8,0,20,19,5,2,4
1337,28,0,3,2856,1,0,19,1,1,0,0
1338,30,1,9,1081,1,0,13,1,1,0,0
1339,22,1,7,2472,1,1,23,1,1,0,0
1340,36,0,10,5673,1,1,13,10,10,9,7
1341,31,0,20,4197,1,0,11,10,10,8,2
1342,34,0,4,9713,2,1,13,9,5,3,0
1343,29,0,7,2062,3,0,14,11,3,2,2
1344,37,0,7,4284,5,1,22,16,5,3,4
1345,35,0,16,4788,0,1,11,4,3,2,2
1346,45,0,25,5906,0,0,13,10,9,8,8
1347,36,0,2,3886,1,0,21,10,10,1,8
1348,40,0,1,16823,2,0,11,22,19,7,16
1349,26,0,1,2933,1,1,13,1,1,0,0
1350,27,0,2,6500,0,0,14,9,8,7,7
1351,48,0,22,17174,3,0,11,24,22,17,7
1352,44,0,1,5033,2,0,15,10,2,0,2
1353,34,1,16,2307,1,1,23,5,5,2,0
1354,56,1,24,2587,1,0,16,5,4,2,0
1355,36,0,17,5507,2,0,16,12,4,2,3
1356,41,0,8,4393,5,0,21,14,5,4,4
1357,42,0,6,13348,9,0,13,18,13,7,7
1358,31,0,10,6583,2,1,11,8,5,2,4
1359,34,0,3,8103,3,1,12,9,4,2,1
1360,31,0,4,3978,8,0,12,4,2,2,2
1361,26,0,6,2544,0,0,18,8,7,7,7
1362,45,0,1,5399,4,0,12,12,4,2,3
1363,33,0,10,5487,1,0,14,10,10,4,9
1364,28,0,1,6834,1,1,12,7,7,7,7
1365,29,1,24,1091,1,0,17,1,1,0,0
1366,39,0,21,5736,6,0,19,10,3,2,2
1367,27,0,2,2226,1,0,11,6,5,3,2
1368,34,0,22,5747,1,1,15,16,15,10,11
1369,28,1,13,9854,3,1,11,6,2,0,2
1370,47,0,14,5467,8,0,18,16,8,7,7
1371,56,0,11,5380,4,0,16,6,0,0,0
1372,39,0,9,5151,1,0,25,10,10,0,9
1373,38,0,8,2133,1,1,16,20,20,11,7
1374,58,0,21,17875,4,1,13,29,1,0,0
1375,32,1,5,2432,3,1,14,8,4,1,3
1376,38,0,9,4771,2,0,19,10,5,2,3
1377,49,0,2,19161,3,0,15,28,5,4,3
1378,42,0,12,5087,3,1,12,14,0,0,0
1379,27,1,22,2863,1,0,12,1,1,0,0
1380,35,0,18,5561,0,0,16,6,5,3,4
1381,28,0,16,2144,1,0,14,5,5,3,4
1382,31,0,3,3065,1,1,13,4,4,2,3
1383,36,0,9,2810,1,0,22,5,5,4,2
1384,34,0,1,9888,1,0,21,14,14,8,1
1385,34,0,13,8628,1,0,18,9,8,7,1
1386,26,0,1,2867,0,0,13,8,7,7,6
1387,29,0,1,5373,0,0,12,6,5,3,2
1388,32,0,15,6667,5,0,18,9,5,1,2
1389,31,0,1,5003,1,0,21,10,10,8,7
1390,28,1,17,2367,5,0,12,6,4,1,3
1391,38,0,1,2858,4,0,14,20,1,0,0
1392,35,0,7,5204,1,1,11,10,10,8,9
1393,27,0,9,4105,1,0,14,7,7,7,7
1394,32,0,5,9679,8,0,24,8,1,0,0
1395,31,1,26,5617,1,1,11,10,10,7,8
1396,53,1,24,10448,6,1,13,15,2,2,2
1397,54,0,9,2897,3,0,11,9,4,3,3
1398,33,0,7,5968,1,0,20,9,9,7,8
1399,43,0,11,7510,1,0,17,10,10,9,9
1400,38,0,1,2991,0,1,11,7,6,2,2
1401,55,0,26,19636,4,1,18,35,10,9,4
1402,31,0,2,1129,1,1,11,1,1,0,0
1403,39,0,15,13341,0,0,12,21,20,8,10
1404,42,0,23,4332,1,0,12,20,20,9,7
1405,31,0,10,11031,4,0,20,13,11,7,8
1406,54,0,10,4440,6,1,19,9,5,2,4
1407,24,0,1,4617,1,0,12,4,4,3,2
1408,23,0,12,2647,1,0,13,5,5,2,4
1409,40,0,11,6323,1,0,11,10,10,9,4
1410,40,0,2,5677,3,0,14,15,11,8,10
1411,25,0,2,2187,4,0,14,6,2,0,2
1412,30,0,1,3748,1,0,13,12,12,8,7
1413,25,0,2,3977,6,1,19,7,2,2,2
1414,47,0,25,8633,2,0,23,25,17,14,11
1415,33,0,1,2008,1,0,12,1,1,1,0
1416,38,0,1,4440,0,0,15,16,15,13,8
1417,31,0,2,3067,0,0,19,3,2,2,2
1418,38,0,6,5321,2,0,11,10,8,3,7
1419,42,0,18,5410,6,1,17,9,4,3,2
1420,41,0,1,2782,3,0,22,12,5,3,0
1421,47,0,1,11957,0,0,18,14,13,8,12
1422,35,0,11,2660,7,1,11,5,2,2,2
1423,22,0,1,3375,0,0,12,4,3,2,2
1424,35,0,9,5098,1,0,19,10,10,7,8
1425,33,0,15,4878,0,1,13,10,9,7,1
1426,32,0,29,2837,1,0,13,6,6,2,1
1427,40,0,1,2406,8,0,19,8,1,0,0
1428,32,0,1,2269,0,0,14,3,2,2,2
1429,39,0,24,4108,7,0,13,18,7,7,7
1430,38,0,10,13206,3,0,12,20,18,16,11
1431,32,0,1,10422,1,0,19,14,14,10,7
1432,37,0,10,13744,1,1,25,16,16,11,8
1433,25,0,8,4907,0,1,22,6,5,3,4
1434,52,0,29,3482,2,0,15,16,9,8,0
1435,44,0,1,2436,6,1,12,6,4,3,2
1436,21,0,5,2380,1,1,11,2,2,2,2
1437,39,0,9,19431,2,0,13,21,6,0,3
1438,23,1,9,1790,1,0,19,1,1,0,0
1439,36,0,3,7644,0,0,19,10,9,7,4
1440,36,0,4,5131,7,0,13,18,4,2,2
1441,56,0,1,6306,1,0,21,13,13,12,9
1442,29,1,1,4787,9,1,14,4,2,2,2
1443,42,0,2,18880,5,0,11,24,22,6,14
1444,56,1,7,2339,8,0,11,14,10,9,8
1445,41,0,28,13570,0,0,23,21,20,7,10
1446,34,0,28,6712,1,0,21,8,8,7,7
1447,36,0,15,5406,1,0,24,15,15,12,11
1448,41,0,3,8938,2,0,11,14,5,4,4
1449,32,0,2,2439,1,0,14,4,4,2,2
1450,35,0,26,8837,1,1,16,9,9,0,7
1451,38,0,10,5343,1,0,11,10,10,7,9
1452,50,1,1,6728,7,0,12,12,6,3,1
1453,36,0,11,6652,4,0,13,8,6,3,0
1454,45,0,20,4850,8,0,15,8,5,3,1
1455,40,0,2,2809,2,0,14,8,2,2,2
1456,35,0,18,5689,1,1,14,10,10,2,2
1457,40,0,2,2001,2,0,14,20,5,3,2
1458,35,0,1,2977,1,0,12,4,4,3,1
1459,29,0,13,4025,4,1,13,10,4,3,3
1460,29,0,28,3785,1,0,14,5,5,4,4
1461,50,1,28,10854,4,1,13,20,3,2,0
1462,39,0,24,12031,0,0,11,21,20,9,6
1463,31,0,5,9936,0,0,19,10,9,4,7
1464,26,0,5,2966,0,0,18,5,4,2,0
1465,36,0,23,2571,4,0,17,17,5,2,3
1466,39,0,6,9991,4,0,15,9,7,7,7
1467,27,0,4,6142,1,1,20,6,6,2,3
1468,49,0,2,5390,2,0,14,17,9,6,8
1469,34,0,8,4404,2,0,12,6,4,3,2
